patient,S1,S2,S3,S4,S5,S6,S7,S8,S9
 P1,1,1,1,1,0.459213467,0.29757493,0.396430012,,
 P2,0.494834011,0.365411674,0.494834011,0.45173292,0.45173292,0.494834011,0.310379751,0.325820464,0.244288424
 P3,0.29757493,0.29757493,0.321860292,0.321860292,0.29757493,0.232334669,,,
 P4,0.29757493,0.29757493,0.29757493,0.340569866,,,,,
 P5,0.340569866,0.288342535,0.29757493,0.29757493,,,,,
 P6,0.265954425,0.45173292,0.288342535,0.33363094,0.494834011,,,,
 P7,0.340569866,0.213819016,0.29757493,0.278552171,0.29757493,0.256415839,0.29757493,0.29757493,
 P8,0.513462404,0.321860292,0.29757493,0.414818056,0.340569866,,,,